<?xml version="1.0"?>
<!DOCTYPE modification SYSTEM "http://www.simplemachines.org/xml/modification">
<modification xmlns="http://www.simplemachines.org/xml/modification" xmlns:smf="http://www.simplemachines.org/">
	<id>Colonel Sorck:SimpleWiki</id>
	<version>1.0 Beta 1.07</version>

	<file name="$sourcedir/ManagePermissions.php">
		<operation>
			<search position="before"><![CDATA[			'view_stats' => array(false, 'general', 'view_basic_info'),]]></search>
			<add><![CDATA[			'wiki_view' => array(false, 'wiki', 'wiki'),
			'wiki_edit' => array(false, 'wiki', 'wiki'),
			'wiki_admin' => array(false, 'wiki', 'wiki'),
			'wiki_search' => array(false, 'wiki', 'wiki'),
			'wiki_protect' => array(false, 'wiki', 'wiki'),
			'wiki_view_history' => array(false, 'wiki', 'wiki'),
			'wiki_create' => array(false, 'wiki', 'wiki'),
			'wiki_delete' => array(false, 'wiki', 'wiki'),]]></add>
		</operation>
	</file>
	<file name="$boarddir/index.php">
		<operation>
			<search position="after"><![CDATA[		'xmlhttp' => array('Xml.php', 'XMLhttpMain'),]]></search>
			<add><![CDATA[		'wiki' => array('wiki.php', 'wiki'),]]></add>
		</operation>
	</file>
	<file name="$sourcedir/Subs.php">
	<!--this is just a little change needed to prevent menu parsing errors, might conflict with other mods and there's probably a better way to deal with this-->
		<operation>
			<search position="replace"><![CDATA[	$message = strtr($message, array("\n" => '<br />'));]]></search>
			<add><![CDATA[	if(!defined('MENU_BBC'))
		$message = strtr($message, array("\n" => '<br />'));]]></add>
		</operation>
		<operation>
			<search position="replace"><![CDATA[			'help' => array(]]></search>
			<add><![CDATA[			'wiki' => array(
				'title' => $txt['wiki'],
				'href' => $scripturl.'?action=wiki',
				'show' => allowedTo('wiki_view'),
				'sub_buttons' => array(
				),
			),
			'help' => array(]]></add>
		</operation>
		<operation>
			<search position="before"><![CDATA[		// This is mainly for the bbc manager, so it's easy to add tags above.  Custom BBC should be added above this line.
]]></search>
			<add><![CDATA[		// simpleWiki header & template BBC
		if(function_exists('wiki_parse'))
		{
			$wikicodes = array(
				array(
					'tag' => 'header1',
					'type' => 'unparsed_content',
					'content' => '$1',
					'validate' => create_function('&$tag, &$data, $disabled', '
						$data = wiki_make_h2($data); //leave all the hard work to the wiki parser...
					'),
				),
				array(
					'tag' => 'header2',
					'type' => 'unparsed_content',
					'content' => '$1',
					'validate' => create_function('&$tag, &$data, $disabled', '
						$data = wiki_make_h3($data); //leave all the hard work to the wiki parser...
					'),
				),
				array(
					'tag' => 'template',
					'type' => 'unparsed_content',
					'validate' => create_function('&$tag, &$data, $disabled', '
						$data = parse_template($data);
					'),
					'content' => '$1',
				),
			);
			$codes = array_merge($codes, $wikicodes);
		}

		// can be used in normal posts at the moment
			$codes[]= array(
				'tag' => 'menu',
				'before' => '<span id="admin_menu"></span>',
				'after' => '',
				'require_children' => array('menu-cat'),
			);
			$codes[] =array(
				'tag' => 'menu-cat',
				'before' => '<div class="adm_section"><div class="cat_bar"><h4 class="catbg"><span class="ie6_header floatleft">$1</span></h4></div><ul class="smalltext left_admmenu">',
				'after' => '</ul></div>',
				'require_parents' => array('menu'),
				'require_children' => array('menu-li'),
				'type'=>'parsed_equals',
			);
			$codes[] = array(
				'tag' => 'menu-li',
				'require_parents' => array('menu-cat'),
				'before' => '<li><a href="$1">',
				'after' => '</a></li>',
				'validate' => create_function('&$tag, &$data, $disabled', '
					$data=htmlspecialchars($data);
					'),
				'disallow_children' => array('email', 'ftp', 'url', 'iurl'),
				'type' => 'unparsed_equals',
			);
			$codes[] = array(
				'tag' => 'categories',
				'type' => 'unparsed_content',
				'content' => '',
			);
			$codes[] = array(
				'tag' => 'colright',
				'before' => '<div style="float:right;width:49%;padding:3px;border-style:solid;border-width:1px;">',
				'after' => '</div>',
			);
			$codes[] = array(
				'tag' => 'colleft',
				'before' => '<div style="float:left;width:49%;padding:3px;border-style:solid;border-width:1px;">',
				'after' => '</div>',
			);
			]]></add>
		</operation>
	</file>
	<file name="$languagedir/Modifications.english.php">
	<operation>
		<search position="end" />
		<add><![CDATA[//begin SimpleWiki
$txt['wiki'] = 'Wiki';
$txt['wiki_welcome'] = '<strong>Welcome, %1$s</strong><br /> to this wiki where you can help improve the wiki pages by editing them.';
$txt['wiki_history'] = 'View History';
$txt['wiki_edit'] = 'Edit Page';
$txt['wiki_admin'] = 'Wiki Administration Center';
$txt['wiki_editting'] = 'Editting &quot;%1$s&quot;';
$txt['wiki_save_button'] = 'Save Page';
$txt['wiki_cancel_editting'] = 'Cancel Editting';
$txt['wiki_edit_preview_button'] = 'Preview';
$txt['wiki_no_page'] = 'You have no defined page, or the page does not exist.';
$txt['wiki_no_content'] = 'You have not supplied any content for the page.';
$txt['wiki_create'] = 'Create Page';
$txt['wiki_creating'] = 'Creating %1$s';
$txt['wiki_error_bad_id'] = 'The supplied ID has no matching record in our database';
$txt['wiki_error_no_such_page'] = 'There is no page called &quot;%1$s&quot; in our database';
$txt['wiki_back2page'] = 'Back to page';
$txt['wiki_error_unknown_user'] = 'No such user in our database';
$txt['wiki_view_all'] = 'Viewing All';
$txt['wiki_create_new_page'] = 'Create Page';

//History
$txt['wiki_delete_abrev'] = 'Delete';
$txt['wiki_undelete_abrev'] = 'Undelete';
$txt['wiki_history'] = 'History';

//Permissions
$txt['permissiongroup_wiki'] = 'SimpleWiki Permissions';
$txt['permissiongroup_simple_wiki'] = 'Permissions for SimpleWiki';
$txt['permissionname_wiki_view'] = 'View SimpleWiki Pages';
$txt['permissionhelp_wiki_view'] = 'Allows access to view SimpleWiki';
$txt['permissionname_wiki_admin'] = 'Administrate SimpleWiki';
$txt['permissionhelp_wiki_admin'] = 'This gives the user all wiki privilidges including protection, create, edit and view wiki administration center.';
$txt['permissionname_wiki_view_history'] = 'Allow Viewing SimpleWiki History';
$txt['permissionname_wiki_search'] = 'Allow searching of SimpleWiki';
$txt['permissionname_wiki_protect'] = 'Enable users to protect pages';
$txt['permissionname_wiki_edit'] = 'Allow users to edit SimpleWiki pages';
$txt['permissionname_wiki_create'] = 'Allow the creation of SimpleWiki pages';
$txt['permissionname_wiki_delete'] = 'Allow deletion of wiki pages';

//Page Protection
$txt['wiki_protect_page'] = 'Protect Page';
$txt['wiki_admins_only'] = 'Admins Only';
$txt['wiki_wadmins_only'] = 'Wiki Admins';
$txt['wiki_unprotect'] = 'No Protection';
$txt['wiki_group_protection'] = 'Group Protection';
$txt['wiki_no_guests'] = 'No Guest Edits';
$txt['wiki_is_protected'] = '&quot;%1$s&quot; is protected and you do not have sufficient privilidges to edit it';

//Who
$txt['whoall_wiki'] = 'Viewing the Wiki';
$txt['whoall_wiki_page'] = 'Viewing <i>%1$s</i> in the Wiki';

//Categories
$txt['wiki_pages_in_cat'] = 'Pages in category &quot;%1$s&quot;';

//Search
$txt['wiki_search_query'] = 'Searching &quot;<i>%1$s</i>&quot;';
//end SimpleWiki
]]></add>
		</operation>
	</file>
	<file name="$themedir/Wireless.template.php">
		<search position="before"><![CDATA[?>]]></search>
		<add><![CDATA[
// begin smfWiki wirless templates
functiom template_wap2_wiki_header()
{
	global $txt;
	echo '<h1>'.$txt['wiki'].'</h1>';
}

functiom template_wap_wiki_header()
{
	global $txt;
	echo '<h1>'.$txt['wiki'].'</h1>';
}

functiom template_imode_wiki_header()
{
	global $txt;
	echo '<h1>'.$txt['wiki'].'</h1>';
}

function template_wap2_wiki_footer()
{
	echo '<br /><a href="http://simplewiki.co.uk>Powered by SimpleWiki, &copy; 2010 Colonel Sorck</a>';
}

function template_wap_wiki_footer()
{
	echo '<br /><a href="http://simplewiki.co.uk>Powered by SimpleWiki, &copy; 2010 Colonel Sorck</a>';
}

function template_imode_wiki_footer()
{
	echo '<br /><a href="http://simplewiki.co.uk>Powered by SimpleWiki, &copy; 2010 Colonel Sorck</a>';
}

function template_wap2_wiki_page()
{
	global $txt, $context;
	call_user_func('template_'.WIRELESS_PROTOCOL.'_wiki_header');
	echo '<div>'.$context['wiki_page_content'].'</div>';
	call_user_func('template_'.WIRELESS_PROTOCOL.'_wiki_footer');
}

function template_imode_wiki_page()
{
	global $txt, $context;
	call_user_func('template_'.WIRELESS_PROTOCOL.'_wiki_header');
	echo '<div>'.$context['wiki_page_content'].'</div>';
	call_user_func('template_'.WIRELESS_PROTOCOL.'_wiki_footer');
}

function template_wap_wiki_page()
{
	global $txt, $context;
	call_user_func('template_'.WIRELESS_PROTOCOL.'_wiki_header');
	echo '<div>'.$context['wiki_page_content'].'</div>';
	call_user_func('template_'.WIRELESS_PROTOCOL.'_wiki_footer');
}

function template_wap2_wiki_search()
{
	global $context, $txt;
	call_user_func('template_'.WIRELESS_PROTOCOL.'_wiki_header');

	echo '<h2>'.(isset($_REQUEST['q'])?sprintf($txt['wiki_search_query'], $_REQUEST['q']):$txt['search']).'</h2>';
	$results = $context['wiki_search_results'];
	echo '<ul>';
	foreach($results as $act => $page)
	{
		echo '<li><a href="'.$scripturl.'?action=wiki;p='.$page['title'].'">'.$page['title'].'</a></li>';
	}
	echo '</ul>';
	call_user_func('template_'.WIRELESS_PROTOCOL.'_wiki_footer');
}

function template_wap_wiki_search()
{
	global $context, $txt;
	call_user_func('template_'.WIRELESS_PROTOCOL.'_wiki_header');

	echo '<h2>'.(isset($_REQUEST['q'])?sprintf($txt['wiki_search_query'], $_REQUEST['q']):$txt['search']).'</h2>';
	$results = $context['wiki_search_results'];
	echo '<ul>';
	foreach($results as $act => $page)
	{
		echo '<li><a href="'.$scripturl.'?action=wiki;p='.$page['title'].'">'.$page['title'].'</a></li>';
	}
	echo '</ul>';
	call_user_func('template_'.WIRELESS_PROTOCOL.'_wiki_footer');
}

function template_imode_wiki_search()
{
	global $context, $txt;
	call_user_func('template_'.WIRELESS_PROTOCOL.'_wiki_header');

	echo '<h2>'.(isset($_REQUEST['q'])?sprintf($txt['wiki_search_query'], $_REQUEST['q']):$txt['search']).'</h2>';
	$results = $context['wiki_search_results'];
	echo '<ul>';
	foreach($results as $act => $page)
	{
		echo '<li><a href="'.$scripturl.'?action=wiki;p='.$page['title'].'">'.$page['title'].'</a></li>';
	}
	echo '</ul>';
	call_user_func('template_'.WIRELESS_PROTOCOL.'_wiki_footer');
}

function template_imode_view_all()
{
	global $context, $txt;
	call_user_func('template_'.WIRELESS_PROTOCOL.'_wiki_header');
	echo constructPageIndex($scripturl.'?action=wiki;sa=v_all', intval($_REQUEST['start']), $context['wiki_nrows'], 25);
	echo '<ul>';
	foreach($context['wiki_page_list'] as $page)
	{
		echo '<li><a href="'.$scripturl.'?action=wiki;p='.htmlspecialchars($page).'">'.htmlspecialchars($page).'</a></li>';
	}
	echo '</ul>';
	call_user_func('template_'.WIRELESS_PROTOCOL.'_wiki_footer');
}

function template_wap_view_all()
{
	global $context, $txt;
	call_user_func('template_'.WIRELESS_PROTOCOL.'_wiki_header');
	echo constructPageIndex($scripturl.'?action=wiki;sa=v_all', intval($_REQUEST['start']), $context['wiki_nrows'], 25);
	echo '<ul>';
	foreach($context['wiki_page_list'] as $page)
	{
		echo '<li><a href="'.$scripturl.'?action=wiki;p='.htmlspecialchars($page).'">'.htmlspecialchars($page).'</a></li>';
	}
	echo '</ul>';
	call_user_func('template_'.WIRELESS_PROTOCOL.'_wiki_footer');
}

function template_wap2_view_all()
{
	global $context, $txt;
	call_user_func('template_'.WIRELESS_PROTOCOL.'_wiki_header');
	echo constructPageIndex($scripturl.'?action=wiki;sa=v_all', intval($_REQUEST['start']), $context['wiki_nrows'], 25);
	echo '<ul>';
	foreach($context['wiki_page_list'] as $page)
	{
		echo '<li><a href="'.$scripturl.'?action=wiki;p='.htmlspecialchars($page).'">'.htmlspecialchars($page).'</a></li>';
	}
	echo '</ul>';
	call_user_func('template_'.WIRELESS_PROTOCOL.'_wiki_footer');
}
//end SimpleWiki Wireless templates
]]></add>
	</file>
</modification>