<?xml version="1.0"?>
<!DOCTYPE package-info SYSTEM "http://www.simplemachines.org/xml/package-info">
<package-info xmlns="http://www.simplemachines.org/xml/package-info" xmlns:smf="http://www.simplemachines.org/">
	<id>Colonel Sorck:SimpleWiki</id>
	<version>1.0 Beta 1.09</version>
	<type>modification</type>
	<name>SimpleWiki - intergrated Wiki for SMF</name>
	<homepage>http://simplewiki.co.uk</homepage>

	<install for="2.0 RC3">
		<readme lang="english" parsebbc="true" type="file">readme.english.txt</readme>
		<modification format="xml" type="file">install.xml</modification>
		<database>db_rc3_install.php</database>
		<!-- source files -->
		<require-file name="Sources/wiki.php" destination="$sourcedir" />
		<require-dir name="wiki" destination="$sourcedir" />
		<require-dir name="wiki_files" destination="$boarddir" />
		<!-- template files -->
		<require-file name="Theme/wiki.template.php" destination="$themedir" />
		<!-- icons, courtesy of famfamfam silk icons -->
		<require-file name="icons/wiki_history.png" destination="$themedir/images/buttons" />
		<require-file name="icons/wiki_edit.png" destination="$themedir/images/buttons" />
		<require-file name="icons/wiki_back.png" destination="$themedir/images/buttons" />
		<require-file name="icons/wiki_lock.png" destination="$themedir/images/buttons" />
		<require-file name="icons/wiki_create.png" destination="$themedir/images/buttons" />
	</install>
	<uninstall for="2.0 RC3">
		<modification format="xml" type="file" reverse="true">install.xml</modification>
		<!-- source files -->
		<remove-file name="$sourcedir/wiki.php" />
		<remove-dir name="$sourcedir/wiki" />
		<!-- template files -->
		<remove-file name="$themedir/wiki.template.php" />
		<!-- icons -->
		<remove-file name="$themedir/images/buttons/wiki_history.png" />
		<remove-file name="$themedir/images/buttons/wiki_edit.png" />
		<remove-file name="$themedir/images/buttons/wiki_back.png" />
		<remove-file name="$themedir/images/buttons/wiki_lock.png" />
		<remove-file name="$themedir/images/buttons/wiki_create.png" />
	</uninstall>

</package-info>